{
  "accuracy": 0.9333333333333333,
  "auc": 0.977124183006536,
  "feature_means": {
    "score_normalized": 0.6612049341201782,
    "risk_reward_ratio": 1.762264370918274,
    "price_range": 0.021146135404706,
    "risk_amount": 0.012018688954412937,
    "spread_ratio": 0.6455679535865784,
    "strength_normalized": 0.6591646075248718,
    "direction_enc": 0.4558333456516266,
    "regime_enc": 0.925000011920929,
    "strategy_enc": 2.002500057220459,
    "high_score": 0.20749999582767487,
    "medium_score": 0.5141666531562805,
    "is_long": 0.5441666841506958,
    "asset_class_enc": 1.4774999618530273,
    "partial_tp_progress_norm": 0.3611111044883728,
    "price_velocity_3": 0.00043910116073675454,
    "price_velocity_5": 0.0006751258042640984,
    "price_velocity_10": 0.0009396940586157143,
    "price_acceleration_3_10": -0.0005005928687751293,
    "velocity_abs_3": 0.015916602686047554,
    "velocity_abs_10": 0.015845777466893196,
    "atr_rel": 0.010405216366052628,
    "atr_regime_clamped": 1.0131537914276123,
    "relative_volume_clamped": 1.0577692985534668,
    "mtf_4h_trend": 0.22750000655651093,
    "mtf_1d_trend": 0.16083332896232605,
    "funding_rate": -7.222747808555141e-05,
    "open_interest_change": -0.0006117179873399436,
    "dxy_trend": -0.00012928784417454153,
    "vix_trend": 0.00041763970511965454,
    "us10y_trend": 0.0003786875167861581,
    "yield_spread": 0.014864768832921982,
    "minutes_since_high_impact_news": 172.4730224609375,
    "minutes_until_high_impact_news": 203.74961853027344,
    "news_event_impact_score": 0.36162683367729187,
    "spx_trend": -0.0006230625440366566,
    "btc_corr": 0.15229515731334686
  }
}